learner,train_err,test_err,gen_gap,AUC,OOB_acc
GradBoost,0.04395833333333332,0.20708333333333329,0.16312499999999996,,
