learner,train_err,test_err,gen_gap,AUC,OOB_acc
GradBoost,0.04093749999999996,0.20333333333333337,0.1623958333333334,,
